plant_st,plant_name,fac_code,prim_mov,prim_fuel,tot_MW,cf,tot_MWh,nox_rate,so2_rate,co2_rate,ch4_rate,n2o_rate,co2eq_rate
NY,East River,2493,ADD,NG,716.2,0.49,3074438.01,1.22,0.05,1372.84,44.75,4.48,1374.32
NJ,Bayonne Energy Center,56964,ADD,NG,512,0.11,495441,0.09,0.01,1232.4,24.1,2.41,1233.65
NJ,Linden Cogen Plant,50006,ADD,NG,974.1,0.47,4026491.98,0.11,0,760.23,14.87,1.49,761.01
NY,500MW CC,56196,ADD,NG,528,0.67,3087324,0.04,0.01,873,17.07,1.71,873.89
NY,59th Street,2503,ADD,KER,17.1,0,631,3.61,1.08,2310.26,99.91,19.99,2318.55
NY,74th Street,2504,ADD,KER,37,0,928,2.93,0.86,1878.1,81.22,16.25,1884.84
NY,AES Johnson City,57972,ADD,MWH,8,0,0,0,0,0,0,0,0
NY,Al Turi,10549,ADD,LFG,2.4,0.55,11634,0,0,0,0,0,0
NY,Alice Falls Hydro Project,54391,ADD,,2.1,0,0,0,0,0,0,0,0
NY,Allegany Cogen,7784,ADD,NG,67,0.13,78407,0.23,0.01,1015.69,19.88,1.99,1016.72
NY,Allens Falls,2540,ADD,WAT,4,0.64,22464,0,0,0,0,0,0
NY,Arthur Kill Generating Station,2490,ADD,NG,895.5,0.21,1654806,0.94,0.01,1300.55,25.45,2.55,1301.88
NY,Ashokan,88,ADD,WAT,4.6,0.26,10290,0,0,0,0,0,0
NY,Astoria Energy,55375,ADD,NG,520,0.76,3473447,0.1,0.01,1633.92,31.97,3.2,1635.58
NY,Astoria Energy II,57664,ADD,NG,650,0.56,3206785.7,0.45,0.02,851.07,16.94,1.7,851.95
NY,Astoria Gas Turbines,55243,ADD,NG,646.9,0.02,94135,8.62,0.02,2074.47,41,4.11,2076.61
NY,Astoria Generating Station,8906,ADD,NG,1345,0.11,1345514.95,0.87,0.02,1413.94,27.62,2.77,1415.38
NY,Athens Generating Plant,55405,ADD,NG,1323,0.49,5732171,0.05,0,819.89,16.05,1.61,820.73
NY,Auburn LFG Energy Facility,57636,ADD,LFG,3.3,0.48,13864,0,0,0,0,0,0
NY,Auburn State Street,8009,ADD,NG,7,0,202,1.79,0.07,2268.32,45.14,4.52,2270.67
NY,Bassett Medical Center,54863,ADD,DFO,5.6,0,3,21.21,3.18,2554.37,109.32,21.87,2563.45
NY,Batavia Power Plant,54593,ADD,NG,67.3,0.17,99016,1.06,0.01,1023.7,20.03,2.01,1024.74
NY,Bayswater Peaking Facility LLC,55699,ADD,NG,60.5,0.25,133254,0.11,0.02,1442.57,30.34,3.43,1444.26
NY,Beardslee,2543,ADD,WAT,20,0.28,48324,0,0,0,0,0,0
NY,Beebee Island Hydro Plant,10531,ADD,WAT,9,0.52,40981,0,0,0,0,0,0
NY,Belfort,2544,ADD,WAT,2,0.55,9697,0,0,0,0,0,0
NY,Bennetts Bridge,2545,ADD,WAT,36,0.24,74361,0,0,0,0,0,0
NY,Bethlehem Energy Center,2539,ADD,NG,893.1,0.63,4903684,0.06,0,839.87,16.44,1.65,840.73
NY,Bethpage Power Plant,50292,ADD,NG,240,0.24,508161,0.45,0,936.77,18.33,1.84,937.72
NY,Binghamton Cogen,55600,ADD,,47.7,0,0,0,0,0,0,0,0
NY,Black River,2546,ADD,WAT,6,0.53,27880,0,0,0,0,0,0
NY,Black River Generation,10464,ADD,,55.5,0,0,0,0,0,0,0,0
NY,Black River Hydro Associates,10687,ADD,WAT,5.7,0.17,8372,0,0,0,0,0,0
NY,Blake,2547,ADD,WAT,15,0.39,51397,0,0,0,0,0,0
NY,Blenheim Gilboa,2691,ADD,WAT,1000,-0.01,-92664,0,0,0,0,0,0
NY,Bowline Point,2625,ADD,NG,1242,0.04,381649,1.54,0.02,1384.64,27.16,2.72,1386.06
NY,Brentwood,7912,ADD,NG,47,0.18,72264,0.1,0.01,1145,22.41,2.24,1146.17
NY,Bronx Zoo,50427,ADD,NG,3.6,0.63,19852.84,1.5,0.02,648.91,12.91,1.29,649.59
NY,Brookfield Power Glen Falls Hydro,56936,ADD,WAT,11.8,0.54,55892,0,0,0,0,0,0
NY,Brookhaven Facility,55778,ADD,LFG,3.9,0.05,1829,0,0,0,0,0,0
NY,Brooklyn Navy Yard Cogeneration,54914,ADD,NG,322,0.59,1672161.96,0.04,0,693.32,13.56,1.36,694.02
NY,Browns Falls,2548,ADD,WAT,16,0.31,43518,0,0,0,0,0,0
NY,C R Huntley Generating Station,2549,ADD,SUB,400,0.2,707472,1.5,7.68,2289.27,25.39,38.08,2301.61
NY,Cadyville,2522,ADD,WAT,5.5,0.51,24436,0,0,0,0,0,0
NY,Caithness Long Island Energy Center,56234,ADD,NG,348.9,0.74,2250535.02,0.05,0,816.31,15.97,1.6,817.14
NY,Carr Street Generating Station,50978,ADD,NG,122.6,0.06,66691,0.23,0,954.83,18.69,1.87,955.8
NY,Carthage Energy LLC,10620,ADD,NG,62.9,0.04,24415,1.21,0.01,1067.41,20.89,2.09,1068.5
NY,Castleton Energy Center,10190,ADD,NG,72,0.16,100329,0.61,0.01,961.94,18.82,1.89,962.92
NY,Catskill Mts Energy Corporation,57129,ADD,LFG,1.1,0.05,524,0,0,0,0,0,0
NY,Cayuga Operating Company,2535,ADD,BIT,322.5,0.17,466704,3.59,6.62,2377.5,26.95,40.42,2390.6
NY,Cellu Tissue Natural Dam,54878,ADD,WAT,1,0.54,4697,0,0,0,0,0,0
NY,Center Falls,10853,ADD,WAT,1.1,0,1,0,0,0,0,0,0
NY,Central Hudson High Falls,579,ADD,WAT,3.2,0.13,3764,0,0,0,0,0,0
NY,CH Resources Beaver Falls,10617,ADD,NG,107.8,0.01,6502,0.62,0.01,1091.01,21.35,2.14,1092.12
NY,CH Resources Syracuse,10621,ADD,NG,102.7,0.02,15272,1.18,0.01,1074.55,21.03,2.11,1075.64
NY,Chaffee Gas Recovery,56526,ADD,LFG,6.4,0.93,52172,0,0,0,0,0,0
NY,Charles P Keller,2695,ADD,NG,33.8,0.01,1522,14.75,1.57,3225.23,91.99,14.41,3231.63
NY,Charles Poletti,2491,ADD,RFO,883,0,0,0,0,0,0,0,0
NY,Chasm,2550,ADD,WAT,3,0.51,13470,0,0,0,0,0,0
NY,Chasm Hydro Partnership,50315,ADD,WAT,1.6,0.46,6500,0,0,0,0,0,0
NY,Chateaugay High Falls Hydro,50093,ADD,WAT,1.7,0.48,7199,0,0,0,0,0,0
NY,Chautauqua LFGTE Facility,57186,ADD,LFG,9.6,0.57,47801,0,0,0,0,0,0
NY,Clinton LFGTE Facility,56986,ADD,LFG,6.4,0.79,44404,0,0,0,0,0,0
NY,Cohocton Wind Project,56634,ADD,WND,87.5,0.22,172095,0,0,0,0,0,0
NY,Colonie LFGTE Facility,56324,ADD,LFG,4.8,0.69,28856,0,0,0,0,0,0
NY,Colton,2551,ADD,WAT,36,0.56,175601,0,0,0,0,0,0
NY,Copenhagen Plant,10545,ADD,WAT,3.3,0.34,9816,0,0,0,0,0,0
NY,Cornell Hydro,10286,ADD,WAT,1.9,0.23,3797,0,0,0,0,0,0
NY,Cornell University Central Heat,50368,ADD,NG,37.5,0.62,203572,0.82,0.04,1253.39,25.04,2.53,1254.7
NY,Covanta Babylon Inc,50649,ADD,MSB,17,0.78,115962,1.35,1.06,1743.19,620.45,82.73,1781.86
NY,Covanta Hempstead,10642,ADD,MSB,78.6,0.79,547200,1.84,1.3,1814.84,644.5,85.97,1855.03
NY,Covanta Niagara LP,50472,ADD,MSB,50,0.49,216060.01,5.54,14.85,1140.29,402.9,53.69,1165.39
NY,CPV Valley Energy Center,56940,ADD,NG,775,0,0,0,0,0,0,0,0
NY,Crescent,2685,ADD,WAT,11.6,0.46,47105,0,0,0,0,0,0
NY,Cricket Valley Energy,57185,ADD,NG,1170,0,0,0,0,0,0,0,0
NY,Curtis Palmer Hydroelectric,54580,ADD,WAT,59,0.58,300234,0,0,0,0,0,0
NY,Dahowa Hydro,50280,ADD,WAT,10.5,0.33,29945,0,0,0,0,0,0
NY,DANC LFGTE Facility,56958,ADD,LFG,6.4,0.73,40938,0,0,0,0,0,0
NY,Danskammer Generating Station,2480,ADD,BIT,537.4,0.07,320945,2.68,8.88,2068.93,24.4,34.98,2080.29
NY,Dashville,2481,ADD,WAT,4.8,0.34,14213,0,0,0,0,0,0
NY,Deferiet,2552,ADD,WAT,12,0.44,46608,0,0,0,0,0,0
NY,Dexter Plant,10538,ADD,WAT,4.2,0.51,18806,0,0,0,0,0,0
NY,Diamond Island Plant,10540,ADD,WAT,1.2,0.53,5593,0,0,0,0,0,0
NY,Diana Hydroelectric,10237,ADD,WAT,1.8,0.38,6062,0,0,0,0,0,0
NY,Dolgeville Hydro,10238,ADD,WAT,5,0.34,14945,0,0,0,0,0,0
NY,Dunkirk Generating Plant,2554,ADD,SUB,627.2,0.11,621795.01,1.85,6.97,2350.55,26.06,39.1,2363.22
NY,Dutch Hill Wind Project,56633,ADD,WND,37.5,0.23,75333,0,0,0,0,0,0
NY,Dutchess Cnty Resource Recovery Facility,10305,ADD,MSB,9.2,0.6,48447,8.68,24.7,1838.85,588.86,78.51,1875.56
NY,E F Barrett,2511,ADD,NG,669.2,0.2,1146494.95,1.46,0.01,1396.31,27.36,2.74,1397.73
NY,E J West,6527,ADD,WAT,22,0.3,57045,0,0,0,0,0,0
NY,Eagle,2555,ADD,WAT,6,0.53,27877,0,0,0,0,0,0
NY,East Hampton,2512,ADD,DFO,27.3,0.03,7935,8.74,2.51,1998.1,85.84,17.17,2005.22
NY,East Norfolk,2561,ADD,WAT,4,0.6,20957,0,0,0,0,0,0
NY,Ecogen Wind,56370,ADD,WND,79.5,0,0,0,0,0,0,0,0
NY,Edgewood Energy LLC,55786,ADD,NG,100,0.23,201275,0.1,0.01,1244.28,24.35,2.44,1245.55
NY,Eel Weir,2556,ADD,WAT,2.5,0.37,8131,0,0,0,0,0,0
NY,Effley,2557,ADD,WAT,3,0.49,12908,0,0,0,0,0,0
NY,Elmer,2559,ADD,WAT,2,0.53,9333,0,0,0,0,0,0
NY,Empire Generating Co  LLC,56259,ADD,NG,653.7,0.62,3541874,0.05,0,895.89,17.53,1.76,896.8
NY,Entenmanns Energy Center,54541,ADD,NG,5.2,0.33,14864,2.67,0.21,753.84,18.51,2.51,755
NY,Ephratah,2560,ADD,WAT,4,0.28,9847,0,0,0,0,0,0
NY,Equus Freeport Power,56032,ADD,NG,60,0.12,62578,0.12,0.01,1216.4,23.8,2.38,1217.64
NY,Far Rockaway,2513,ADD,NG,100,0.17,151412,0.88,0.01,1290.87,25.26,2.53,1292.19
NY,Feeder Dam Hydro Plant,10530,ADD,WAT,5,0.57,25005,0,0,0,0,0,0
NY,Fenner Wind,55790,ADD,WND,30,0.22,58567,0,0,0,0,0,0
NY,Finch Paper,10511,ADD,WDL,29,0.6,153247.55,2.1,0.14,167.43,127.28,18.11,175.72
NY,Five Falls,2562,ADD,WAT,24,0.39,82827,0,0,0,0,0,0
NY,Flat Rock,2563,ADD,WAT,5,0.35,15353,0,0,0,0,0,0
NY,Forestport,50768,ADD,WAT,3.4,0.29,8639,0,0,0,0,0,0
NY,Fort Miller Hydroelectric Facility,50514,ADD,WAT,5,0.47,20772,0,0,0,0,0,0
NY,Fortistar North Tonawanda,54131,ADD,NG,55.3,0.16,75159,0.63,0,885.91,17.34,1.74,886.81
NY,Fourth Branch Hydroelectric Facility,10467,ADD,WAT,3.3,0.52,15013,0,0,0,0,0,0
NY,Franklin,2564,ADD,WAT,2,0.47,8227,0,0,0,0,0,0
NY,Fulton,2566,ADD,WAT,1.3,0.4,4511,0,0,0,0,0,0
NY,Fulton LFGTE Facility,57003,ADD,LFG,3.2,0.48,13447,0,0,0,0,0,0
NY,General Mills Inc,54564,ADD,NG,3.8,0.12,3885,0.51,0.02,647.01,12.88,1.29,647.68
NY,Glen Park Hydroelectric Project,50512,ADD,WAT,32.6,0.41,116241,0,0,0,0,0,0
NY,Glenwood,2514,ADD,NG,338,0.05,155036,0.95,0.18,1427.79,29.28,3.18,1429.39
NY,Glenwood,2568,ADD,WAT,1.5,0.51,6734,0,0,0,0,0,0
NY,Glenwood Landing,7869,ADD,NG,122,0.12,133498,0.14,0.01,1256.22,24.57,2.46,1257.5
NY,GMMGreenidge LLC,2527,ADD,,112.5,0,0,0,0,0,0,0,0
NY,GMMM Westover,2526,ADD,BIT,118.8,0,0,0,0,0,0,0,0
NY,Goodyear Lake Plant,50079,ADD,WAT,1.4,0.29,3563,0,0,0,0,0,0
NY,Gouldtown,56704,ADD,WAT,2,0.62,10819,0,0,0,0,0,0
NY,Gowanus Gas Turbines Generating,2494,ADD,NG,640,0.01,49451,2.06,0.69,2120.41,53.88,7.58,2123.89
NY,Grahamsville,2627,ADD,WAT,18,0.56,87721,0,0,0,0,0,0
NY,Granby,2569,ADD,WAT,10,0.34,29573,0,0,0,0,0,0
NY,Greenport,2681,ADD,DFO,10.1,0,-272,-0.35,-0.05,-42.56,-1.82,-0.36,-42.71
NY,Hailesboro 4 Plant,10544,ADD,WAT,1.4,0.85,10478,0,0,0,0,0,0
NY,Hampshire Paper,10116,ADD,WAT,3.4,0.59,17674,0,0,0,0,0,0
NY,Hannawa,2571,ADD,WAT,8,0.36,24930,0,0,0,0,0,0
NY,Hardscrabble Wind Power LLC,57287,ADD,WND,74,0.26,168878,0,0,0,0,0,0
NY,Harlem River Yard,7914,ADD,NG,94,0.06,48703,0.11,0.01,1271.62,24.88,2.49,1272.92
NY,Harris Lake,2528,ADD,DFO,1.7,0,24,55.97,8.65,6739.19,288.42,57.7,6763.13
NY,Hawkeye Energy Greenport LLC,55969,ADD,DFO,54,0.04,19999,0.25,0.31,1654.34,71.13,14.23,1660.25
NY,Hell Gate,7913,ADD,NG,94,0.07,54538,0.11,0.01,1285.21,25.15,2.52,1286.52
NY,Herkimer,52057,ADD,WAT,2,0,0,0,0,0,0,0,0
NY,Herrings,2572,ADD,WAT,5.4,0.32,14984,0,0,0,0,0,0
NY,Heuvelton,2573,ADD,WAT,1,0.55,4808,0,0,0,0,0,0
NY,Hewittville Hydroelectric,50268,ADD,WAT,3,0.51,13403,0,0,0,0,0,0
NY,High Acres Gas Recovery,50568,ADD,LFG,9.6,0.95,80098,0,0,0,0,0,0
NY,High Dam,2574,ADD,WAT,11.9,0.35,36392,0,0,0,0,0,0
NY,High Falls,2530,ADD,WAT,15,0.53,69831,0,0,0,0,0,0
NY,High Falls,2575,ADD,WAT,6,0.48,25340,0,0,0,0,0,0
NY,High Sheldon Wind Farm,56953,ADD,WND,112,0.26,254570,0,0,0,0,0,0
NY,Higley,2576,ADD,WAT,6,0.6,31470,0,0,0,0,0,0
NY,Hillburn,2628,ADD,NG,46.5,0,279,17.53,0.27,1953.58,33.99,3.4,1955.35
NY,Hofstra University,51035,ADD,NG,2.2,0.69,13260,3.02,0.24,851.15,20.93,2.84,852.47
NY,Hollow Dam Power Partnership,10124,ADD,WAT,1,0.4,3542,0,0,0,0,0,0
NY,Holtsville,8007,ADD,DFO,567,0.01,50864,9.75,7.27,2355.49,101.46,20.3,2363.91
NY,Honeywell Farms,10125,ADD,NG,4.4,0.29,11286.66,1.7,0.03,710.29,14.34,1.48,711.05
NY,Hospira Inc,55788,ADD,,2.2,0,0,0,0,0,0,0,0
NY,Howard Wind Farm,57867,ADD,WND,59.5,0.19,99392,0,0,0,0,0,0
NY,Hudson Avenue,2496,ADD,KER,48.9,0,1819,4.56,1.33,2918.98,126.24,25.26,2929.46
NY,Hudson Falls Hydroelectric Project,54953,ADD,WAT,44,0.5,191016,0,0,0,0,0,0
NY,Huntington Resource Recovery Facility,50656,ADD,MSB,28,0.77,189665,3.76,47.04,3487.23,1245.54,166.07,3564.87
NY,HVCC Cogen Plant,58186,ADD,NG,8.1,0,0,0,0,0,0,0,0
NY,Hydraulic Race,2578,ADD,WAT,3,0.35,9236,0,0,0,0,0,0
NY,Hyland LFGTE Facility,56987,ADD,LFG,4.8,0.78,32777,0,0,0,0,0,0
NY,Indeck Corinth Energy Center,50458,ADD,NG,147,0.51,655745,0.22,0,964.34,18.87,1.89,965.32
NY,Indeck Olean Energy Center,54076,ADD,NG,90.6,0.16,127364.88,0.32,0.01,1019.44,19.95,2,1020.48
NY,Indeck Oswego Energy Center,50450,ADD,NG,57.4,0.05,25266,1.14,0,934.09,18.28,1.83,935.04
NY,Indeck Silver Springs Energy Center,50449,ADD,NG,56.6,0.13,65805.77,0.85,0.01,1029.16,20.14,2.02,1030.21
NY,Indeck Yerkes Energy Center,50451,ADD,NG,59.9,0.1,53725,1.33,0.01,1068.7,20.91,2.09,1069.79
NY,Indian Point 2,2497,ADD,NUC,1299,0.7,7934995,0,0,0,0,0,0
NY,Indian Point 3,8907,ADD,NUC,1012,1.02,9002057,0,0,0,0,0,0
NY,Inghams,2579,ADD,WAT,6,0.53,27854,0,0,0,0,0,0
NY,Jamaica Bay Peaking,56141,ADD,KER,60.5,0.01,6867,2.72,0.8,1741.95,75.34,15.07,1748.2
NY,James A Fitzpatrick,6110,ADD,NUC,882,0.79,6070526,0,0,0,0,0,0
NY,Jarvis (Hinckley),808,ADD,WAT,9,0.3,23845,0,0,0,0,0,0
NY,Johnsonville,2580,ADD,WAT,4,0.1,3497,0,0,0,0,0,0
NY,Jordanville Wind Farm,56398,ADD,WND,80,0,0,0,0,0,0,0,0
NY,Joseph J Seymour Power Project,7910,ADD,NG,94,0.15,124767,0.11,0.01,1214.51,23.77,2.38,1215.75
NY,Kamargo,2581,ADD,WAT,6,0.41,21759,0,0,0,0,0,0
NY,Kennedy International Airport Cogen,54114,ADD,NG,121.2,0.63,666162,0.19,0.01,1020.56,19.97,2,1021.6
NY,Kensico,650,ADD,WAT,3,0.06,1470,0,0,0,0,0,0
NY,Kent Falls,2532,ADD,WAT,12.4,0.51,55530,0,0,0,0,0,0
NY,Keuka,2533,ADD,WAT,2,0,0,0,0,0,0,0,0
NY,Kings Falls Hydroelectric,10872,ADD,WAT,1.6,0,0,0,0,0,0,0,0
NY,Kosterville,56705,ADD,WAT,1,0.45,3969,0,0,0,0,0,0
NY,Lachute Hydro Lower,10752,ADD,WAT,3.8,0.28,9218,0,0,0,0,0,0
NY,Lachute Hydro Upper,10753,ADD,WAT,5.2,0.2,9218,0,0,0,0,0,0
NY,Lederle Laboratories,10521,ADD,NG,23.4,0.72,147211.08,0.57,0.03,920.36,18.4,1.86,921.33
NY,Lewiston Niagara,2692,ADD,WAT,240,-0.15,-320281,0,0,0,0,0,0
NY,Lighthouse Hill,2582,ADD,WAT,8,0.25,17479,0,0,0,0,0,0
NY,Little Falls Hydro,51034,ADD,WAT,13,0.38,43516,0,0,0,0,0,0
NY,Lockport Energy Associates LP,54041,ADD,NG,221.3,0.15,282046,0.89,0,816.97,15.99,1.6,817.8
NY,Long Island Solar Farm LLC,57589,ADD,SUN,31.5,0.19,52713,0,0,0,0,0,0
NY,Longfalls Facility,54548,ADD,WAT,3.3,0,18,0,0,0,0,0,0
NY,Lovett,2629,ADD,BIT,449.1,0,0,0,0,0,0,0,0
NY,Lower Saranac Hydroelectric Facility,10214,ADD,WAT,6.7,0.4,23270,0,0,0,0,0,0
NY,Lutheran Medical Center,54769,ADD,NG,1.6,0.82,11550,2.27,0.03,978.74,19.48,1.95,979.76
NY,Lyons Falls Hydroelectric,56703,ADD,WAT,5.5,0.49,23551,0,0,0,0,0,0
NY,Lyonsdale Associates,50652,ADD,WAT,3,0.4,10511,0,0,0,0,0,0
NY,MacArthur Waste to Energy Facility,51038,ADD,MSB,12.5,0.51,55765,1.83,2.5,1845.2,593.06,79.07,1882.17
NY,Macomb,2583,ADD,WAT,1,0.09,761,0,0,0,0,0,0
NY,Madison Windpower LLC,55769,ADD,WND,11.5,0.19,18831,0,0,0,0,0,0
NY,Maple Ridge Wind Farm,56290,ADD,WND,322,0.26,723940,0,0,0,0,0,0
NY,Marble River Wind Farm,56857,ADD,WND,215,0.05,85456,0,0,0,0,0,0
NY,Massena Energy Facility,54592,ADD,NG,104.1,0.01,6489,0.35,0.01,1018.65,19.93,2,1019.69
NY,Mercy Medical Center,58163,ADD,DFO,3,0,1,153,22.66,18424.07,788.51,157.75,18489.53
NY,Middle Falls Hydro,10219,ADD,WAT,2.2,0.59,11289,0,0,0,0,0,0
NY,Mill C,6486,ADD,WAT,6,0.46,24346,0,0,0,0,0,0
NY,Minetto,2586,ADD,WAT,10,0.32,27713,0,0,0,0,0,0
NY,MM Albany Energy,55155,ADD,LFG,5.9,0.49,25140,0,0,0,0,0,0
NY,Model City Energy Facility,55757,ADD,LFG,5.6,0.84,40982,0,0,0,0,0,0
NY,Modern Innovative Energy LLC,56323,ADD,LFG,6.4,0.79,44208,0,0,0,0,0,0
NY,Mongaup,2630,ADD,WAT,4,0.26,9089,0,0,0,0,0,0
NY,Monroe Community College Plant,58201,ADD,NG,6.4,0.22,12248,3.42,0.04,1476.21,29.38,2.94,1477.73
NY,Monroe Livingston Gas Recovery,50565,ADD,LFG,1.6,0.75,10458,0,0,0,0,0,0
NY,Montauk,2515,ADD,DFO,6,0.02,1296,15.66,2.36,1885.21,80.68,16.14,1891.9
NY,Montefieor Medical Center Moses Division,58507,ADD,NG,8.3,0,0,0,0,0,0,0,0
NY,Moose River,10196,ADD,WAT,12.6,0.03,3211,0,0,0,0,0,0
NY,Moshier,2588,ADD,WAT,8,0.43,29864,0,0,0,0,0,0
NY,Mt Ida Hydroelectric,50031,ADD,WAT,3,0.24,6280,0,0,0,0,0,0
NY,Munnsville Wind Farm LLC,56594,ADD,WND,34.5,0.28,84738,0,0,0,0,0,0
NY,Narrows Gas Turbines Generating,2499,ADD,NG,352,0.04,110868,1.65,0.2,1981.79,42.19,4.74,1984.15
NY,Nassau Energy Corp,52056,ADD,NG,55,0.79,379704.57,0.79,0,727.63,14.24,1.43,728.37
NY,Neversink,2483,ADD,WAT,25,0.12,25788,0,0,0,0,0,0
NY,New York Methodist Hospital,52091,ADD,NG,1.8,0.55,8730,1.61,0.02,693.28,13.8,1.38,694
NY,New York State Dam Hydro,10221,ADD,WAT,11.4,0.46,45440,0,0,0,0,0,0
NY,New York University Central Plant,54808,ADD,NG,19,0.42,70542,0.62,0.17,1289.1,28.15,3.28,1290.71
NY,Newport Hydro,50354,ADD,WAT,1.7,0.46,6887,0,0,0,0,0,0
NY,Nine Mile Point Nuclear Station,2589,ADD,NUC,1901.1,0.79,13165263,0,0,0,0,0,0
NY,Noble Altona Windpark LLC,56901,ADD,WND,97.5,0.2,172457,0,0,0,0,0,0
NY,Noble Bellmont Windpark LLC,56903,ADD,WND,21,0,0,0,0,0,0,0,0
NY,Noble Bliss Windpark LLC,56620,ADD,WND,100.5,0.22,192557,0,0,0,0,0,0
NY,Noble Chateaugay Windpark LLC,56904,ADD,WND,106.5,0.21,191750,0,0,0,0,0,0
NY,Noble Clinton Windpark LLC,56618,ADD,WND,100.5,0.19,167537,0,0,0,0,0,0
NY,Noble Ellenburg Windpark LLC,56619,ADD,WND,81,0.22,157758,0,0,0,0,0,0
NY,Noble Wethersfield Windpark LLC,56902,ADD,WND,126,0.23,249119,0,0,0,0,0,0
NY,Norfolk,2590,ADD,WAT,5,0.57,24851,0,0,0,0,0,0
NY,Normanskill Hydro Project,50123,ADD,WAT,1.2,0.19,1970,0,0,0,0,0,0
NY,North 1st,7915,ADD,NG,47,0.12,48761,0.11,0.01,1207.31,23.63,2.37,1208.54
NY,Northport,2516,ADD,NG,1564,0.24,3300679.03,0.72,0.34,1298.83,25.02,2.51,1300.13
NY,Norwood,2591,ADD,WAT,2,0.78,13588,0,0,0,0,0,0
NY,Oak Tree Farm Dairy Facility,58221,ADD,DFO,1.6,0,1,42015.97,6804.92,5059445.28,216534.32,43319.28,5077421.47
NY,OBP Cogen,57798,ADD,NG,4.6,0.66,26717,1.04,0.04,1321.92,26.31,2.64,1323.29
NY,Oceanside Energy,50348,ADD,LFG,4.2,0,0,0,0,0,0,0,0
NY,Ogdensburg,52058,ADD,WAT,3.5,0.3,9224,0,0,0,0,0,0
NY,Ogdensburg Power,10803,ADD,NG,99.3,0,0,0,0,0,0,0,0
NY,Oneida Herkimer,57404,ADD,LFG,1.6,0.59,8287,0,0,0,0,0,0
NY,Onondaga County Resource Recovery,50662,ADD,MSB,39.5,0.58,199392,5.09,41.81,3099.62,1196.12,159.48,3174.18
NY,Onondaga Energy Partners LP,50346,ADD,LFG,0.7,0,0,0,0,0,0,0,0
NY,Ontario LFGTE,56250,ADD,LFG,11.2,0.53,51853,0,0,0,0,0,0
NY,Oswego County Energy Recovery,50907,ADD,MSB,3.6,0.36,11244.24,5.7,16.25,1204.73,516.34,68.85,1236.91
NY,Oswego Falls East,2595,ADD,WAT,6,0.38,19942,0,0,0,0,0,0
NY,Oswego Falls West,2596,ADD,WAT,2,0.4,7061,0,0,0,0,0,0
NY,Oswego Harbor Power,2594,ADD,RFO,1803.6,0,63371,2.66,7.06,2075.62,94.61,18.93,2083.47
NY,Oyster Bay Energy Partners LP,50345,ADD,LFG,1.4,0,0,0,0,0,0,0,0
NY,Parishville,2597,ADD,WAT,3,0.49,12934,0,0,0,0,0,0
NY,Peak Power 1 Cogen,57789,ADD,NG,6.3,0.16,8615,3.09,0.04,1334.16,26.55,2.66,1335.55
NY,Philadlephia,10197,ADD,WAT,3.6,0.27,8484,0,0,0,0,0,0
NY,Phoenix Hydro Project,54865,ADD,WAT,3.4,0.31,9256,0,0,0,0,0,0
NY,Piercefield,2598,ADD,WAT,2.7,0.7,16655,0,0,0,0,0,0
NY,Pinelawn Power LLC,56188,ADD,NG,82,0.45,321826,0.07,0.01,1010.47,19.77,1.98,1011.5
NY,Plant No 1,2678,ADD,DFO,13.2,0,255,14.8,2.33,1781.98,76.27,15.26,1788.32
NY,Plant No 2,2679,ADD,NG,78.6,0.07,48604,0.15,0.01,1200.88,23.5,2.35,1202.11
NY,Port Jefferson,2517,ADD,NG,498,0.13,553650,0.49,0.35,1406.51,27.11,2.72,1407.92
NY,Port Leyden Hydroelectric Project,10817,ADD,WAT,1,0.45,3907,0,0,0,0,0,0
NY,Pouch,8053,ADD,NG,47,0.24,96847,0.1,0.01,1188.47,23.26,2.33,1189.68
NY,Prospect,2599,ADD,WAT,19,0.38,62918,0,0,0,0,0,0
NY,Pyrites Plant,10547,ADD,WAT,8.2,0.38,27494,0,0,0,0,0,0
NY,R E Ginna Nuclear Power Plant,6122,ADD,NUC,614,0.86,4601719,0,0,0,0,0,0
NY,Rainbow Falls,2600,ADD,WAT,25,0.39,85269,0,0,0,0,0,0
NY,Rainbow Falls,6526,ADD,,2.6,0,0,0,0,0,0,0,0
NY,Ravenswood,2500,ADD,NG,2625,0.19,4385965.92,0.55,0.01,927.73,18.14,1.82,928.68
NY,Raymondville,2601,ADD,WAT,2,0.74,13032,0,0,0,0,0,0
NY,"RED-Rochester, LLC",10025,ADD,BIT,130.3,0.3,345738,2.79,22.6,1192.4,13.49,20.23,1198.95
NY,ReEnergy Biomass LLC,54526,ADD,WDS,21.1,0.85,157424,3.34,0.39,0,851.24,113.5,53.06
NY,ReEnergy Chateaugay Power Station,50277,ADD,WDS,19.7,0.21,35524,4.11,0.48,0,1050.3,140.04,65.47
NY,Rensselaer Cogen,54034,ADD,NG,96.9,0.08,69977,0.26,0.01,1003.82,19.64,1.97,1004.84
NY,Richard M Flynn,7314,ADD,NG,164,0.85,1222833.01,0.25,0.01,957.9,18.74,1.88,958.87
NY,Rio,2631,ADD,WAT,10,0.16,13923,0,0,0,0,0,0
NY,Ripley Westfield Wind LLC,57193,ADD,WND,75,0,0,0,0,0,0,0,0
NY,Riverbay,52168,ADD,NG,43.5,0.37,139740.14,0.86,0.03,583.12,11.84,1.23,583.75
NY,Robert Moses Niagara,2693,ADD,WAT,2429.1,0.63,13373029,0,0,0,0,0,0
NY,Robert Moses Power Dam,2694,ADD,WAT,912,0.84,6692614,0,0,0,0,0,0
NY,Rochester 2,2639,ADD,WAT,8.5,0.54,40152,0,0,0,0,0,0
NY,Rochester 26,2638,ADD,,3,0,0,0,0,0,0,0,0
NY,Rochester 3,2640,ADD,DFO,19,0,0,0,0,0,0,0,0
NY,Rochester 5,2641,ADD,WAT,43.6,0.01,2097,0,0,0,0,0,0
NY,Rochester 7,2642,ADD,BIT,252.6,0,0,0,0,0,0,0,0
NY,Rochester 9,2644,ADD,NG,19,0.02,3986,1.61,0.06,2040.38,40.6,4.07,2042.49
NY,Roseton Generating Facility,8006,ADD,NG,1242,0.04,425670,0.82,0.3,1400.79,27.12,2.72,1402.2
NY,S A Carlson,2682,ADD,NG,96.3,0.27,231426,2.08,1.88,2015.75,38.54,6.15,2018.46
NY,Saranac Facility,54574,ADD,NG,285.6,0.18,453188,0.24,0.01,1001.31,19.6,1.96,1002.33
NY,Schaghticoke,2606,ADD,WAT,16,0.32,45437,0,0,0,0,0,0
NY,School Street,2605,ADD,WAT,42,0.38,139570,0,0,0,0,0,0
NY,Schuylerville,2607,ADD,WAT,2,0.37,6498,0,0,0,0,0,0
NY,Selkirk Cogen,10725,ADD,NG,446,0.43,1664983,0.37,0,945,18.49,1.85,945.96
NY,Seneca Energy,54782,ADD,LFG,17.6,0.9,139439,0,0,0,0,0,0
NY,Sewalls,2608,ADD,WAT,2,0.61,10614,0,0,0,0,0,0
NY,Sherman Island,2609,ADD,WAT,36.3,0.48,153946,0,0,0,0,0,0
NY,Shoemaker,2632,ADD,NG,41.9,0,848,16.38,0.55,2256.25,35.46,3.55,2258.1
NY,Shoreham,2518,ADD,DFO,71.5,0,611,6.57,5.28,4247.97,181.8,36.37,4263.07
NY,Shoreham Energy LLC,55787,ADD,DFO,100,0.02,21758,0.26,0,1507.33,64.82,12.97,1512.71
NY,Sissonville Hydro,10220,ADD,WAT,3,0.06,1502,0,0,0,0,0,0
NY,Sithe Independence Station,54547,ADD,NG,1086.1,0.57,5462395.9,0.08,0,787.8,15.42,1.54,788.6
NY,Smithtown Energy Partners LP,50344,ADD,LFG,1.4,0,0,0,0,0,0,0,0
NY,Soft Maple,2610,ADD,WAT,16,0.21,29345,0,0,0,0,0,0
NY,Somerset Operating Co LLC,6082,ADD,BIT,655.1,0.36,2046534.01,3.57,5.52,2148.97,24.36,36.54,2160.8
NY,South Cairo,2485,ADD,KER,21.6,0,6,2.35,0.69,1505.91,65.13,13.03,1511.32
NY,South Colton,2611,ADD,WAT,21,0.38,70212,0,0,0,0,0,0
NY,South Edwards,2604,ADD,WAT,4,0.47,16447,0,0,0,0,0,0
NY,South Glens Falls Hydroelectric,54772,ADD,WAT,13.8,0.55,67084,0,0,0,0,0,0
NY,South Hampton,2519,ADD,DFO,11.5,0,458,8.21,6.61,5313.2,227.39,45.49,5332.08
NY,South Oaks Hospital,50136,ADD,NG,1,0.04,329,26.03,0.31,11228.49,223.44,22.38,11240.12
NY,Southold,2520,ADD,DFO,14,0,510,6.59,5.3,4261.86,182.4,36.49,4277.01
NY,Spier Falls,2612,ADD,WAT,56,0.41,199104,0,0,0,0,0,0
NY,SREC Bath LFGTE,58295,ADD,LFG,3.2,0.65,18244,0,0,0,0,0,0
NY,Stark,2613,ADD,WAT,26,0.36,81438,0,0,0,0,0,0
NY,Starrett City Cogen Facility,50743,ADD,NG,18,0.43,67557.46,1.19,0.04,700.55,14.26,1.49,701.31
NY,Steel Winds II,57078,ADD,WND,15,0.25,33373,0,0,0,0,0,0
NY,Steel Winds Wind Farm,56575,ADD,WND,20,0.3,52552,0,0,0,0,0,0
NY,Stephentown Spindle,57710,ADD,MWH,20,0,0,0,0,0,0,0,0
NY,Sterling Power Plant,50744,ADD,NG,65.3,0.07,37840,1.19,0,926.4,18.13,1.82,927.34
NY,Stewarts Bridge,2614,ADD,WAT,36,0.37,115469,0,0,0,0,0,0
NY,Stillwater Hydro Electric Project,54395,ADD,WAT,3.4,0.5,15000,0,0,0,0,0,0
NY,Stillwater Reservoir Hydro,50513,ADD,WAT,1.8,0.26,4145,0,0,0,0,0,0
NY,Stony Brook Cogen Plant,54149,ADD,NG,47,0.75,309900,0.47,0,664.63,13.01,1.3,665.31
NY,Stony Creek Wind Farm NY,58088,ADD,WND,94.4,0,0,0,0,0,0,0,0
NY,Sturgeon,2486,ADD,WAT,14.4,0.36,44997,0,0,0,0,0,0
NY,Sugar Island,2616,ADD,WAT,4,0.64,22335,0,0,0,0,0,0
NY,SUNY Old Westbury College,58156,ADD,NG,1.8,0.54,8500,2.91,0.04,1254.14,24.96,2.5,1255.44
NY,Swinging Bridge 1,2633,ADD,WAT,5,0,0,0,0,0,0,0,0
NY,Swinging Bridge 2,2634,ADD,WAT,7,0.11,6514,0,0,0,0,0,0
NY,Synergy Biogas,58399,ADD,OBG,1.4,0,0,0,0,0,0,0,0
NY,Syracuse Energy,50651,ADD,BIT,101.1,0.09,78948.52,1.88,5.7,1181.76,13.4,20.09,1188.27
NY,Talcville,7583,ADD,WAT,1.1,0.31,3015,0,0,0,0,0,0
NY,Tannery Island Power,50416,ADD,WAT,1.5,0.59,7738,0,0,0,0,0,0
NY,Taylorville,2617,ADD,WAT,4,0.58,20167,0,0,0,0,0,0
NY,TBE-Montgomery LLC,57472,ADD,OBG,21,0,0,0,0,0,0,0,0
NY,Theresa Plant,10539,ADD,WAT,1.3,0.57,6465,0,0,0,0,0,0
NY,Ticonderoga Mill,54099,ADD,BLQ,42.1,0.53,197203.17,2.26,8.68,1159.02,73.01,48.47,1175.58
NY,Trenton Falls,2619,ADD,WAT,21.9,0.67,128510,0,0,0,0,0,0
NY,Union Falls,50176,ADD,WAT,2.6,0.57,12932,0,0,0,0,0,0
NY,Unionville Hydro Project 2499 NY,50269,ADD,WAT,3,0.5,13038,0,0,0,0,0,0
NY,University of Rochester,58157,ADD,NG,25.4,0.18,40844.76,3.62,0.19,6485.11,129.07,12.93,6491.83
NY,Upper Mechanicville,625,ADD,WAT,16.4,0.55,79541,0,0,0,0,0,0
NY,US Gypsum Oakfield,50203,ADD,NG,5.8,0.43,21737.38,0.49,0.02,620.74,12.35,1.24,621.39
NY,Valley Falls Hydroelectric Facility,50034,ADD,WAT,2.5,0.32,7053,0,0,0,0,0,0
NY,Varick,2621,ADD,WAT,8,0.3,21357,0,0,0,0,0,0
NY,Vernon Boulevard,7909,ADD,NG,94,0.09,71358,0.11,0.01,1179.3,23.08,2.31,1180.5
NY,Victory Mills,10902,ADD,WAT,1.7,0.36,5406,0,0,0,0,0,0
NY,Vischer Ferry,2686,ADD,WAT,11.6,0.46,46483,0,0,0,0,0,0
NY,Wading River,7146,ADD,DFO,238.5,0.03,53278,2.69,3.26,2235.03,96.1,19.23,2243.01
NY,Walden,10848,ADD,WAT,2.4,0.25,5300,0,0,0,0,0,0
NY,Wappinger Falls Hydroelectric,54573,ADD,WAT,2,0.4,7050,0,0,0,0,0,0
NY,Warrensburg Hydroelectric,10218,ADD,WAT,2.9,0.47,11994,0,0,0,0,0,0
NY,Waste Management Madison County LFGTE,57021,ADD,LFG,1.6,0.44,6228,0,0,0,0,0,0
NY,Watchtower Educational Center,55619,ADD,,2.1,0,0,0,0,0,0,0,0
NY,Waterport,2623,ADD,WAT,4,0.3,10608,0,0,0,0,0,0
NY,Waterside,2502,ADD,RFO,199.8,0,0,0,0,0,0,0,0
NY,Watertown,2700,ADD,WAT,8.1,0.21,15084,0,0,0,0,0,0
NY,West Babylon,2521,ADD,DFO,52.4,0,1688,9.92,4.39,2588.74,111.49,22.3,2598
NY,West Coxsackie,2487,ADD,NG,21.6,0,6,1.58,0.06,2006.58,39.93,4,2008.65
NY,West Delaware Tunnel Plant,51033,ADD,WAT,7.5,0.58,38059,0,0,0,0,0,0
NY,West End Dam Hydroelectric Project,50759,ADD,WAT,4.4,0.51,19511,0,0,0,0,0,0
NY,Wethersfield Wind Farm,55368,ADD,WND,6.6,0.21,12019,0,0,0,0,0,0
NY,Wheelabrator Hudson Falls,10503,ADD,MSB,14.4,0.64,81239,2.53,21.98,1629.16,605.22,80.7,1666.89
NY,Wheelabrator Westchester,50882,ADD,MSB,59.7,0.78,409387,5.24,5.93,3352.77,1245.66,166.09,3430.41
NY,William Floyd School District,58167,ADD,NG,3.9,0.09,3073.28,3.07,0.04,1324.44,26.36,2.64,1325.82
NY,Wiscoy 170,2646,ADD,WAT,1,0,0,0,0,0,0,0,0
NY,WPS Power Niagara,50202,ADD,WDS,56,0.23,112707,2.51,6.29,1586.26,1065.22,142.03,1652.66
NY,Yaleville,2624,ADD,WAT,2,0.17,2951,0,0,0,0,0,0
NY,Zotos International WPGF,57648,ADD,WND,3.4,0.12,3692.7,0,0,0,0,0,0
